referer,response,status
https://cbdbene.com/shop/CBD-Chocolate,https://admin.cbdbene.com/var/www/cbdbene_3rde/cbdbene/null,404
https://cbdbene.com/shop/CBD-Oil-1000-mg,https://admin.cbdbene.com/var/www/cbdbene_3rde/cbdbene/public/images/uploads/c-1568789783922.jpg,404
https://cbdbene.com/shop/CBD-Oil-300-mg-,https://admin.cbdbene.com/var/www/cbdbene_3rde/cbdbene/public/images/uploads/a-1568874276478.jpg,404
https://cbdbene.com/shop,https://cbdbene.com/shop/CBD-Oil-500-mg,404
https://cbdbene.com/category/bundles,https://admin.cbdbene.com/public/images/uploads/cbd-wellness-pack-cbdbene-1572366910846.png,404
https://cbdbene.com/category/bundles,https://admin.cbdbene.com/public/images/uploads/cbd-wind%20-down-pack-cbdbene-1572365343762.png,404
https://cbdbene.com/category/bundles,https://admin.cbdbene.com/public/images/uploads/Bene-Relief-Pack-1569323869773.png,404
https://cbdbene.com/category/bundles,https://admin.cbdbene.com/public/images/uploads/cbd-FWB-pack-cbdbene-1572366521973.png,404
https://cbdbene.com/category/bundles,https://admin.cbdbene.com/public/images/uploads/cbd-skin-care-cbdbene-1572365314407.png,404
https://cbdbene.com/category/bundles,https://admin.cbdbene.com/public/images/uploads/cbd-doggie-kit-cbdbene-1572365224696.png,404
https://cbdbene.com/category/bundles,https://admin.cbdbene.com/public/images/uploads/cbd-kittycat-pack-cbdbene-1572365193506.png,404
https://cbdbene.com/category/bundles,https://admin.cbdbene.com/public/images/uploads/cbd-workout-pack-cbdbene-1572365292654.png,404
referer,response,status
https://cbdbene.com/shop/CBD-Body-Butter,https://admin.cbdbene.com/var/www/cbdbene_3rde/cbdbene/null,404
https://cbdbene.com/shop/CBD-Oil-1000-mg,https://admin.cbdbene.com/var/www/cbdbene_3rde/cbdbene/public/images/uploads/c-1568789783922.jpg,404
https://cbdbene.com/shop,https://cbdbene.com/shop/CBD-Oil-500-mg,404
https://cbdbene.com/shop/CBD-Oil-300-mg-,https://admin.cbdbene.com/var/www/cbdbene_3rde/cbdbene/public/images/uploads/a-1568874276478.jpg,404
https://cbdbene.com/category/bundles,https://admin.cbdbene.com/public/images/uploads/cbd-wellness-pack-cbdbene-1572366910846.png,404
https://cbdbene.com/category/bundles,https://admin.cbdbene.com/public/images/uploads/cbd-wind%20-down-pack-cbdbene-1572365343762.png,404
https://cbdbene.com/category/bundles,https://admin.cbdbene.com/public/images/uploads/Bene-Relief-Pack-1569323869773.png,404
https://cbdbene.com/category/bundles,https://admin.cbdbene.com/public/images/uploads/cbd-FWB-pack-cbdbene-1572366521973.png,404
https://cbdbene.com/category/bundles,https://admin.cbdbene.com/public/images/uploads/cbd-skin-care-cbdbene-1572365314407.png,404
https://cbdbene.com/category/bundles,https://admin.cbdbene.com/public/images/uploads/cbd-doggie-kit-cbdbene-1572365224696.png,404
https://cbdbene.com/category/bundles,https://admin.cbdbene.com/public/images/uploads/cbd-kittycat-pack-cbdbene-1572365193506.png,404
https://cbdbene.com/category/bundles,https://admin.cbdbene.com/public/images/uploads/cbd-workout-pack-cbdbene-1572365292654.png,404
referer,response,status
https://cbdbene.com/shop/CBD-Body-Butter,https://admin.cbdbene.com/var/www/cbdbene_3rde/cbdbene/null,404
https://cbdbene.com/shop/CBD-Oil-1000-mg,https://admin.cbdbene.com/var/www/cbdbene_3rde/cbdbene/public/images/uploads/c-1568789783922.jpg,404
https://cbdbene.com/shop/CBD-Oil-300-mg-,https://admin.cbdbene.com/var/www/cbdbene_3rde/cbdbene/public/images/uploads/a-1568874276478.jpg,404
https://cbdbene.com/shop,https://cbdbene.com/shop/CBD-Oil-500-mg,404
https://cbdbene.com/category/bundles,https://admin.cbdbene.com/public/images/uploads/cbd-wellness-pack-cbdbene-1572366910846.png,404
https://cbdbene.com/category/bundles,https://admin.cbdbene.com/public/images/uploads/cbd-wind%20-down-pack-cbdbene-1572365343762.png,404
https://cbdbene.com/category/bundles,https://admin.cbdbene.com/public/images/uploads/Bene-Relief-Pack-1569323869773.png,404
https://cbdbene.com/category/bundles,https://admin.cbdbene.com/public/images/uploads/cbd-FWB-pack-cbdbene-1572366521973.png,404
https://cbdbene.com/category/bundles,https://admin.cbdbene.com/public/images/uploads/cbd-skin-care-cbdbene-1572365314407.png,404
https://cbdbene.com/category/bundles,https://admin.cbdbene.com/public/images/uploads/cbd-doggie-kit-cbdbene-1572365224696.png,404
https://cbdbene.com/category/bundles,https://admin.cbdbene.com/public/images/uploads/cbd-kittycat-pack-cbdbene-1572365193506.png,404
https://cbdbene.com/category/bundles,https://admin.cbdbene.com/public/images/uploads/cbd-workout-pack-cbdbene-1572365292654.png,404
referer,response,status
https://cbdbene.com/shop/CBD-Body-Butter,https://admin.cbdbene.com/var/www/cbdbene_3rde/cbdbene/null,404
https://cbdbene.com/shop/CBD-Oil-1000-mg,https://admin.cbdbene.com/var/www/cbdbene_3rde/cbdbene/public/images/uploads/c-1568789783922.jpg,404
https://cbdbene.com/shop,https://cbdbene.com/shop/CBD-Oil-500-mg,404
https://cbdbene.com/shop/CBD-Oil-300-mg-,https://admin.cbdbene.com/var/www/cbdbene_3rde/cbdbene/public/images/uploads/a-1568874276478.jpg,404
https://cbdbene.com/category/bundles,https://admin.cbdbene.com/public/images/uploads/cbd-wellness-pack-cbdbene-1572366910846.png,404
https://cbdbene.com/category/bundles,https://admin.cbdbene.com/public/images/uploads/cbd-wind%20-down-pack-cbdbene-1572365343762.png,404
https://cbdbene.com/category/bundles,https://admin.cbdbene.com/public/images/uploads/Bene-Relief-Pack-1569323869773.png,404
https://cbdbene.com/category/bundles,https://admin.cbdbene.com/public/images/uploads/cbd-FWB-pack-cbdbene-1572366521973.png,404
https://cbdbene.com/category/bundles,https://admin.cbdbene.com/public/images/uploads/cbd-skin-care-cbdbene-1572365314407.png,404
https://cbdbene.com/category/bundles,https://admin.cbdbene.com/public/images/uploads/cbd-doggie-kit-cbdbene-1572365224696.png,404
https://cbdbene.com/category/bundles,https://admin.cbdbene.com/public/images/uploads/cbd-kittycat-pack-cbdbene-1572365193506.png,404
https://cbdbene.com/category/bundles,https://admin.cbdbene.com/public/images/uploads/cbd-workout-pack-cbdbene-1572365292654.png,404
referer,response,status
https://cbdbene.com/shop/CBD-Body-Butter,https://admin.cbdbene.com/var/www/cbdbene_3rde/cbdbene/null,404
https://cbdbene.com/shop/CBD-Oil-1000-mg,https://admin.cbdbene.com/var/www/cbdbene_3rde/cbdbene/public/images/uploads/c-1568789783922.jpg,404
https://cbdbene.com/shop,https://cbdbene.com/shop/CBD-Oil-500-mg,404
https://cbdbene.com/shop/CBD-Oil-300-mg-,https://admin.cbdbene.com/var/www/cbdbene_3rde/cbdbene/public/images/uploads/a-1568874276478.jpg,404
https://cbdbene.com/category/bundles,https://admin.cbdbene.com/public/images/uploads/cbd-wellness-pack-cbdbene-1572366910846.png,404
https://cbdbene.com/category/bundles,https://admin.cbdbene.com/public/images/uploads/cbd-wind%20-down-pack-cbdbene-1572365343762.png,404
https://cbdbene.com/category/bundles,https://admin.cbdbene.com/public/images/uploads/Bene-Relief-Pack-1569323869773.png,404
https://cbdbene.com/category/bundles,https://admin.cbdbene.com/public/images/uploads/cbd-FWB-pack-cbdbene-1572366521973.png,404
https://cbdbene.com/category/bundles,https://admin.cbdbene.com/public/images/uploads/cbd-skin-care-cbdbene-1572365314407.png,404
https://cbdbene.com/category/bundles,https://admin.cbdbene.com/public/images/uploads/cbd-doggie-kit-cbdbene-1572365224696.png,404
https://cbdbene.com/category/bundles,https://admin.cbdbene.com/public/images/uploads/cbd-kittycat-pack-cbdbene-1572365193506.png,404
https://cbdbene.com/category/bundles,https://admin.cbdbene.com/public/images/uploads/cbd-workout-pack-cbdbene-1572365292654.png,404
